{
  "salons": [
    {
      "category_slug": "beauty",
      "name": "Salon lepote Aria",
      "slug": "aria-salon-lepote",
      "owner": {
        "name": "Ana Petrov",
        "email": "ana.aria@example.com",
        "password": "password123"
      }
    },
    {
      "category_slug": "hair",
      "name": "Studio Frizura",
      "slug": "studio-frizura",
      "owner": {
        "name": "Marko Marković",
        "email": "marko.studio@example.com",
        "password": "password123"
      }
    },
    {
      "category_slug": "massage",
      "name": "Relax Masaža",
      "slug": "relax-masaza",
      "owner": {
        "name": "Ivana Jović",
        "email": "ivana.relax@example.com",
        "password": "password123"
      }
    },
    {
      "category_slug": "nails",
      "name": "Nokti & Co",
      "slug": "nokti-co",
      "owner": {
        "name": "Jelena Kovač",
        "email": "jelena.nokti@example.com",
        "password": "password123"
      }
    },
    {
      "category_slug": "zubarska-ordinacija",
      "name": "Dental Care Plus",
      "slug": "dental-care-plus",
      "owner": {
        "name": "Dragan Stomatolog",
        "email": "dragan.dental@example.com",
        "password": "password123"
      }
    },
    {
      "category_slug": "klinika",
      "name": "Klinika Profesional",
      "slug": "klinika-profesional",
      "owner": {
        "name": "Dr. Marija Vidović",
        "email": "marija.vidovic@example.com",
        "password": "password123"
      }
    },
    {
      "category_slug": "psiholog",
      "name": "Psihološki Centar Mira",
      "slug": "psihocentar-mira",
      "owner": {
        "name": "Sandra Psiholog",
        "email": "sandra.psiho@example.com",
        "password": "password123"
      }
    },
    {
      "category_slug": "pet",
      "name": "Pet Spa Deluxe",
      "slug": "pet-spa-deluxe",
      "owner": {
        "name": "Milan Petkov",
        "email": "milan.pets@example.com",
        "password": "password123"
      }
    },
    {
      "category_slug": "makeup",
      "name": "Makeup Art Studio",
      "slug": "makeup-art-studio",
      "owner": {
        "name": "Klara Šminka",
        "email": "klara.makeup@example.com",
        "password": "password123"
      }
    },
    {
      "category_slug": "carwash",
      "name": "Brza Autoperionica",
      "slug": "brza-autoperionica",
      "owner": {
        "name": "Nenad Perica",
        "email": "nenad.autoperionica@example.com",
        "password": "password123"
      }
    },
    {
      "category_slug": "fizikalna",
      "name": "Fizio Aktiv",
      "slug": "fizio-aktiv",
      "owner": {
        "name": "Biljana Fizio",
        "email": "biljana.fizio@example.com",
        "password": "password123"
      }
    }
  ],

  "business_categories": [
    {
      "slug": "beauty",
      "name": "Salon lepote",
      "categories": [
        {
          "name": "Trepavice i obrve",
          "services": [
            "Trepavice 1:1",
            "2D ekstenzije",
            "3D ekstenzije",
            "5D volumetrija",
            "Lash lift",
            "Brow lamination",
            "Farbanje obrva",
            "Microblading obrva"
          ]
        },
        {
          "name": "Depilacija i epilacija",
          "services": [
            "Depilacija voskom (lice)",
            "Depilacija voskom (telo)",
            "Sugaring depilacija",
            "IPL laserska epilacija",
            "Depilacija šećernom pastom"
          ]
        },
        {
          "name": "Nega lica",
          "services": [
            "Hemijski piling",
            "Mikrodermoabrazija",
            "Dermapen mikronitovanje",
            "HydraFacial tretman",
            "AquaPeel tretman",
            "OxyGeneo tretman",
            "Reviderm tretman",
            "BB Glow tretman",
            "Anti-age lifting lica"
          ]
        },
        {
          "name": "Telo i masaže",
          "services": [
            "Klasična masaža 60 min",
            "Sportska masaža 60 min",
            "Aromaterapijska masaža 45 min",
            "Tajlandska masaža",
            "Anticelulit masaža",
            "Refleksologija stopala",
            "Presoterapija",
            "Maderoterapija",
            "Lomi Lomi masaža"
          ]
        }
      ]
    },
    {
      "slug": "hair",
      "name": "Frizerski salon",
      "categories": [
        {
          "name": "Muški frizer",
          "services": [
            "Muško šišanje mašinicom",
            "Muško šišanje makazama",
            "Dečje šišanje (muškarci)",
            "Kraljevsko brijanje brade",
            "Klasično brijanje brade",
            "Oblikovanje brade i obrva",
            "Korekcija brade sa izbrijavanjem",
            "Pokrivanje sedih pramenova kose",
            "Pokrivanje sedih dlaka brade",
            "Trimovanje vrata i kontura",
            "Paketi šišanje + brijanje",
            "Waxing ušiju i nosa"
          ]
        },
        {
          "name": "Ženski frizer",
          "services": [
            "Žensko šišanje makazama",
            "Žensko šišanje fenom",
            "Pranje kose + tretman",
            "Feniranje (S/M/L)",
            "Balayage / ombre / sombre",
            "Pramenovanje klasično",
            "Olaplex tretman",
            "Keratin tretman",
            "BB Glow tretman kose",
            "Svečane frizure (venčanja)",
            "Pletenice i punđe"
          ]
        },
        {
          "name": "Unisex frizer",
          "services": [
            "Komplet pranje + šišanje + feniranje",
            "Trimovanje i styling",
            "Deep conditioning maska",
            "Masaža skalpa",
            "Tretmani keratinom unisex",
            "Maska za obnavljanje kose",
            "Izravnjavanje kose bez formaldehida"
          ]
        }
      ]
    },
    {
      "slug": "massage",
      "name": "Masažni salon",
      "categories": [
        {
          "name": "Masažni tretmani",
          "services": [
            "Klasična masaža 60 min",
            "Sportska masaža 60 min",
            "Aromaterapijska masaža 45 min",
            "Tajlandska masaža",
            "Refleksologija stopala",
            "Presoterapija"
          ]
        }
      ]
    },
    {
      "slug": "nails",
      "name": "Salon za nokte",
      "categories": [
        {
          "name": "Manikir",
          "services": [
            "Klasični manikir",
            "Gel manikir",
            "Akril manikir",
            "Japanski manikir",
            "Shellac manikir",
            "Parafinski manikir",
            "Francuski manikir"
          ]
        },
        {
          "name": "Pedikir",
          "services": [
            "Klasični pedikir",
            "Medicinski pedikir",
            "Parafinski pedikir",
            "Spa pedikir",
            "Pedikir sa gel lakom"
          ]
        },
        {
          "name": "Nadogradnja noktiju",
          "services": [
            "Nadogradnja gelom",
            "Nadogradnja akrilom",
            "Popravka lomljenog nokta",
            "Izlivanje noktiju",
            "Nadogradnja UV gelom"
          ]
        }
      ]
    },
    {
      "slug": "zubarska-ordinacija",
      "name": "Zubarska ordinacija",
      "categories": [
        {
          "name": "Preventivna stomatologija",
          "services": [
            "Kompletan stomatološki pregled",
            "Skidanje kamenca + poliranje",
            "Fluoridacija zuba",
            "Saveti za oralnu higijenu"
          ]
        },
        {
          "name": "Konzervativna stomatologija",
          "services": [
            "Lečenje karijesa",
            "Kompozitne plombe",
            "Staklokeramičke plombe",
            "Zamena starih plombi"
          ]
        },
        {
          "name": "Endodoncija",
          "services": [
            "Root canal therapy",
            "Revizija endodoncije",
            "Ugradnja gutaperka"
          ]
        },
        {
          "name": "Protetska stomatologija",
          "services": [
            "Metal-keramičke krunice",
            "Cirkonijum krunice",
            "Mostovi (fixed bridge)",
            "Totalne proteze",
            "Parcijalne proteze"
          ]
        },
        {
          "name": "Estetska stomatologija",
          "services": [
            "Lasersko izbeljivanje zuba",
            "Kućno izbeljivanje",
            "Laminati (veneers)",
            "Estetske kompozitne korekcije"
          ]
        }
      ]
    },
    {
      "slug": "klinika",
      "name": "Klinika",
      "categories": [
        {
          "name": "Očna dijagnostika",
          "services": [
            "Oftalmološki pregled odraslih i dece",
            "Merenje očnog pritiska",
            "OCT skeniranje retine",
            "Perimetrija (vidno polje)",
            "Ultrazvuk oka (A/B-scan)"
          ]
        },
        {
          "name": "Refraktivna hirurgija",
          "services": [
            "LASIK laser korekcija",
            "Femto-LASIK",
            "PRK korekcija",
            "Fitovanje kontaktnog sočiva",
            "Kontrolni pregledi"
          ]
        },
        {
          "name": "Katarakta i sočiva",
          "services": [
            "Operacija katarakte",
            "Monofokalno sočivo",
            "Multifokalno sočivo",
            "Torično sočivo",
            "Post-op pregledi"
          ]
        },
        {
          "name": "Hirurške intervencije",
          "services": [
            "Nd:YAG iridotomija",
            "Vitrektomija",
            "Fotokoagulacija mrežnjače",
            "Blefaroplastika (kapci)"
          ]
        }
      ]
    },
    {
      "slug": "psiholog",
      "name": "Psiholog",
      "categories": [
        {
          "name": "Psihoterapija",
          "services": [
            "Individualna psihoterapija",
            "Porodična terapija",
            "Grupna terapija",
            "Online terapija",
            "Kognitivno-bihejvioralna terapija"
          ]
        },
        {
          "name": "Psihološka testiranja",
          "services": [
            "Procena ličnosti",
            "IQ test",
            "Neuropsihološko testiranje",
            "Testiranje pažnje i memorije"
          ]
        }
      ]
    },
    {
      "slug": "pet",
      "name": "Salon za kućne ljubimce",
      "categories": [
        {
          "name": "Grumiranje",
          "services": [
            "Kupanje pasa i mačaka",
            "Trimovanje krzna",
            "Šišanje rasa",
            "Furminiranje",
            "Sečenje noktiju",
            "Čišćenje ušiju"
          ]
        },
        {
          "name": "Veterinarske usluge",
          "services": [
            "Opšti veterinarski pregled",
            "Vakcinacija",
            "Sterilizacija/kastracija",
            "Čipovanje",
            "Hitni veterinarski pregled"
          ]
        }
      ]
    },
    {
      "slug": "makeup",
      "name": "Šminka",
      "categories": [
        {
          "name": "Makeup usluge",
          "services": [
            "Dnevni makeup",
            "Večernji makeup",
            "Vjenčani makeup",
            "Makeup za maturu",
            "Scenski makeup"
          ]
        },
        {
          "name": "Permanentni makeup",
          "services": [
            "Microblading obrva",
            "Permanentni ajlajner",
            "Permanentna kontura usana",
            "Uklanjanje permanentnog makeup-a"
          ]
        },
        {
          "name": "Kursevi makeup-a",
          "services": [
            "Osnovni kurs šminkanja",
            "Napredni kurs smoky eye",
            "Masterclass profesionalnog makeup-a"
          ]
        }
      ]
    },
    {
      "slug": "carwash",
      "name": "Autoperionica",
      "categories": [
        {
          "name": "Osnovno pranje",
          "services": [
            "Spoljno pranje karoserije",
            "Unutrašnje usisavanje",
            "Kompletno pranje (spoljno+unutrašnje)",
            "Super pranje paket"
          ]
        },
        {
          "name": "Dubinsko čišćenje",
          "services": [
            "Hemijsko čišćenje sedišta",
            "Dezinfekcija ventilacije",
            "Dubinsko pranje tepiha",
            "Pranje motora"
          ]
        },
        {
          "name": "Poliranje i zaštita",
          "services": [
            "Voskiranje laka",
            "Nano zaštita laka",
            "Poliranje farova",
            "Podno pranje i zaštita"
          ]
        },
        {
          "name": "Detailing",
          "services": [
            "Interior detailing",
            "Exterior detailing",
            "Pranje felni",
            "Ispiranje demineralizovanom vodom"
          ]
        },
        {
          "name": "Mobilne usluge",
          "services": [
            "Mobilno pranje na adresi",
            "Mobilni detailing paket"
          ]
        }
      ]
    },
    {
      "slug": "fizikalna",
      "name": "Fizikalna terapija",
      "categories": [
        {
          "name": "Fizikalni tretmani",
          "services": [
            "Elektroterapija (ultrazvuk, laser)",
            "Presoterapija",
            "Shockwave terapija",
            "Magnetoterapija",
            "Trakcija kičme"
          ]
        },
        {
          "name": "Rehabilitacija",
          "services": [
            "Manuelna terapija",
            "Kineziterapija",
            "Terapija posle povrede",
            "Sportska rehabilitacija"
          ]
        }
      ]
    }
  ]
}
